{"cameraMode":{"drawMode":0,"name":"Shaded","section":"Shading Mode"},"sceneLighting":false,"audioPlay":false,"sceneViewState":{"showFog":true,"showMaterialUpdate":false,"showSkybox":true,"showFlares":true,"showImageEffects":true,"showParticleSystems":true},"in2DMode":false,"pivot":{"x":0.5159153342247009,"y":1.2656556367874146,"z":0.7117384672164917},"rotation":{"x":0.014390899799764157,"y":-0.9791159629821777,"z":-0.07474368810653687,"w":-0.188515767455101},"size":8.800524711608887,"orthographic":false}