{"cameraMode":{"drawMode":0,"name":"Shaded","section":"Shading Mode"},"sceneLighting":false,"audioPlay":false,"sceneViewState":{"showFog":true,"showMaterialUpdate":false,"showSkybox":true,"showFlares":true,"showImageEffects":true,"showParticleSystems":true},"in2DMode":false,"pivot":{"x":-1.3829537630081177,"y":0.5789048075675964,"z":4.2491302490234379},"rotation":{"x":0.03624306246638298,"y":-0.05694117397069931,"z":0.0020684711635112764,"w":0.9977173805236816},"size":9.474231719970704,"orthographic":false}