{"cameraMode":{"drawMode":0,"name":"Shaded","section":"Shading Mode"},"sceneLighting":false,"audioPlay":false,"sceneViewState":{"showFog":true,"showMaterialUpdate":false,"showSkybox":true,"showFlares":true,"showImageEffects":true,"showParticleSystems":true},"in2DMode":false,"pivot":{"x":-1.500000238418579,"y":-1.7881393432617188e-7,"z":1.500000238418579},"rotation":{"x":-0.12784622609615327,"y":0.7760990262031555,"z":-0.16688856482505799,"w":-0.5945366621017456},"size":2.8578851222991945,"orthographic":false}