{"cameraMode":{"drawMode":0,"name":"Shaded","section":"Shading Mode"},"sceneLighting":false,"audioPlay":false,"sceneViewState":{"showFog":true,"showMaterialUpdate":false,"showSkybox":true,"showFlares":true,"showImageEffects":true,"showParticleSystems":true},"in2DMode":false,"pivot":{"x":1.3616241216659547,"y":0.3984871506690979,"z":-0.09530067443847656},"rotation":{"x":0.0000013961894183012192,"y":-0.9999884366989136,"z":0.004809800535440445,"w":0.000290885305730626},"size":6.1578850746154789,"orthographic":false}