{"cameraMode":{"drawMode":0,"name":"Shaded","section":"Shading Mode"},"sceneLighting":false,"audioPlay":false,"sceneViewState":{"showFog":true,"showMaterialUpdate":false,"showSkybox":true,"showFlares":true,"showImageEffects":true,"showParticleSystems":true},"in2DMode":false,"pivot":{"x":2.544952392578125,"y":0.4831659495830536,"z":-5.6227803230285648},"rotation":{"x":-0.006385725922882557,"y":-0.9464345574378967,"z":0.01875157654285431,"w":-0.3222877085208893},"size":9.529485702514649,"orthographic":false}