{"cameraMode":{"drawMode":0,"name":"Shaded","section":"Shading Mode"},"sceneLighting":false,"audioPlay":false,"sceneViewState":{"showFog":true,"showMaterialUpdate":false,"showSkybox":true,"showFlares":true,"showImageEffects":true,"showParticleSystems":true},"in2DMode":false,"pivot":{"x":448.29498291015627,"y":773.1199951171875,"z":0.0},"rotation":{"x":-0.23940043151378632,"y":0.022424599155783654,"z":-0.005530709866434336,"w":-0.9706462025642395},"size":81.49633026123047,"orthographic":false}